;danceability;energy;key;loudness;mode;speechiness;acousticness;instrumentalness;liveness;valence;tempo;genre
0;0.705;0.483;1;-12.209;1;0.0542;0.15;0.0265;0.202;0.713;122.863;blues
1;0.728;0.054;11;-22.557;0;0.038;0.91;0.048;0.12;0.425;78.033;blues
2;0.566;0.424;7;-8.689;0;0.0392;0.669;0.00456;0.175;0.431;105.768;blues
3;0.294;0.611;2;-6.268;1;0.0348;0.0226;0.435;0.114;0.567;178.191;blues
4;0.433;0.7;11;-8.197;1;0.163;0.843;0.324;0.102;0.8;80.623;blues
5;0.745;0.436;5;-9.617;0;0.043;0.597;0.0213;0.61;0.771;114.216;blues
6;0.582;0.302;9;-11.624;1;0.0353;0.947;0.0107;0.0931;0.642;94.288;blues
7;0.596;0.545;11;-8.913;0;0.064;0.456;5.53e-05;0.329;0.718;146.953;blues
8;0.606;0.301;0;-11.402;1;0.0423;0.545;0.00194;0.0419;0.457;100.979;blues
9;0.469;0.236;7;-16.981;1;0.0364;0.407;0.0434;0.215;0.415;82.232;blues
10;0.676;0.334;5;-10.572;1;0.0508;0.862;0.0;0.32;0.867;158.0;blues
11;0.598;0.735;2;-10.882;1;0.0973;0.44;0.000215;0.681;0.615;111.129;blues
12;0.581;0.333;0;-14.209;1;0.032;0.944;0.472;0.332;0.488;94.197;blues
13;0.515;0.43;7;-10.912;1;0.25;0.81;0.0069;0.126;0.624;165.888;blues
14;0.523;0.568;9;-12.584;1;0.0751;0.652;0.00534;0.1;0.813;135.448;blues
15;0.441;0.455;10;-14.207;1;0.0485;0.62;0.00187;0.135;0.918;160.9;blues
16;0.712;0.58;10;-7.233;0;0.0263;0.401;0.000271;0.166;0.887;112.692;blues
17;0.648;0.544;1;-8.963;1;0.179;0.343;2.93e-06;0.087;0.619;153.063;blues
18;0.633;0.553;5;-8.485;1;0.0603;0.871;0.00266;0.0555;0.846;159.12;blues
19;0.621;0.519;11;-13.328;0;0.102;0.837;0.00246;0.162;0.775;117.005;blues
20;0.565;0.526;0;-11.352;1;0.0365;0.0339;0.000119;0.11;0.637;167.936;blues
21;0.661;0.342;9;-16.361;0;0.043;0.844;0.000128;0.26;0.588;146.118;blues
22;0.604;0.108;0;-19.051;1;0.0421;0.88;0.0158;0.125;0.852;164.702;blues
23;0.803;0.288;7;-15.418;0;0.0629;0.865;0.0593;0.0833;0.865;115.685;blues
24;0.563;0.542;9;-10.862;1;0.0962;0.706;3.59e-05;0.355;0.785;133.285;blues
25;0.711;0.483;11;-11.211;1;0.0298;0.434;0.012;0.0284;0.884;91.652;blues
26;0.654;0.51;6;-9.674;1;0.046;0.197;0.000158;0.163;0.671;113.125;blues
27;0.642;0.708;9;-13.402;1;0.0543;0.0346;0.0103;0.0844;0.775;108.143;blues
28;0.675;0.308;6;-8.081;1;0.0348;0.824;3.75e-05;0.0607;0.69;97.446;blues
29;0.502;0.433;8;-14.619;0;0.0339;0.668;0.002;0.167;0.566;103.467;blues
30;0.779;0.155;5;-21.57;1;0.112;0.856;7.82e-06;0.0974;0.696;103.252;blues
31;0.751;0.25;2;-15.964;1;0.0397;0.903;0.000378;0.0884;0.682;84.035;blues
32;0.675;0.311;9;-11.959;1;0.0525;0.93;0.000261;0.102;0.638;97.159;blues
33;0.733;0.261;2;-14.56;1;0.0496;0.494;0.0412;0.0581;0.622;91.276;blues
34;0.636;0.668;0;-6.857;1;0.0568;0.749;0.00121;0.0555;0.666;94.668;blues
35;0.572;0.348;0;-13.454;1;0.0293;0.438;0.000731;0.235;0.34;73.303;blues
36;0.628;0.135;9;-20.695;1;0.0435;0.946;1.02e-05;0.0915;0.773;103.664;blues
37;0.565;0.266;11;-11.708;1;0.0375;0.897;0.571;0.103;0.577;109.976;blues
38;0.713;0.281;3;-11.057;0;0.0379;0.137;0.0258;0.111;0.397;148.301;blues
39;0.573;0.564;0;-10.965;1;0.0432;0.0348;0.0;0.0795;0.702;90.79;blues
40;0.485;0.2;7;-15.57;0;0.0276;0.703;0.919;0.149;0.19;82.827;blues
41;0.642;0.599;11;-14.734;0;0.277;0.0146;0.00238;0.164;0.889;155.9;blues
42;0.493;0.244;2;-10.639;1;0.0297;0.994;0.0813;0.119;0.547;85.251;blues
43;0.513;0.546;0;-15.672;1;0.0391;0.333;0.0;0.17;0.834;85.527;blues
44;0.473;0.281;1;-11.337;1;0.0354;0.97;0.0936;0.11;0.523;119.161;blues
45;0.639;0.496;1;-6.844;0;0.0375;0.713;0.254;0.0545;0.467;140.394;blues
46;0.569;0.208;4;-16.167;1;0.0343;0.441;0.0437;0.141;0.783;106.21;blues
47;0.538;0.177;0;-14.158;1;0.0447;0.91;0.00825;0.0927;0.415;77.396;blues
48;0.647;0.204;3;-15.263;1;0.0454;0.964;0.00351;0.123;0.686;83.102;blues
49;0.499;0.302;7;-15.15;1;0.0495;0.752;0.0266;0.129;0.564;167.075;blues
50;0.454;0.0139;4;-29.966;0;0.0514;0.995;0.943;0.0736;0.244;130.253;classical
51;0.0939;0.0336;2;-24.041;0;0.0606;0.927;0.83;0.0954;0.0516;67.359;classical
52;0.184;0.00527;1;-37.264;0;0.0432;0.995;0.887;0.173;0.151;170.612;classical
53;0.335;0.00532;1;-31.646;1;0.0376;0.994;0.912;0.0621;0.0397;65.832;classical
54;0.17;0.0479;2;-27.021;1;0.0438;0.981;0.906;0.0795;0.0304;75.664;classical
55;0.0859;0.0653;5;-24.541;1;0.0572;0.972;0.889;0.0876;0.068;61.538;classical
56;0.442;0.00919;3;-32.452;1;0.047;0.984;0.936;0.0873;0.0929;79.314;classical
57;0.182;0.0603;6;-25.046;1;0.0459;0.852;0.411;0.145;0.141;98.799;classical
58;0.194;0.0324;5;-28.215;1;0.0382;0.982;0.961;0.0916;0.0596;144.13;classical
59;0.296;0.0435;0;-29.73;1;0.0411;0.987;0.857;0.0786;0.0302;72.282;classical
60;0.299;0.00626;9;-30.923;1;0.0478;0.994;0.901;0.0823;0.0634;69.043;classical
61;0.0666;0.0211;1;-24.057;1;0.0398;0.984;0.685;0.0999;0.132;73.377;classical
62;0.251;0.219;7;-16.781;1;0.0323;0.929;0.933;0.0824;0.0965;89.997;classical
63;0.48;0.163;5;-19.117;0;0.0645;0.81;0.754;0.093;0.212;158.366;classical
64;0.265;0.0156;11;-31.633;0;0.045;0.987;0.949;0.365;0.0359;71.978;classical
65;0.25;0.135;9;-18.615;1;0.0488;0.958;0.0349;0.0477;0.179;94.404;classical
66;0.0754;0.0102;4;-35.69;1;0.0464;0.901;0.106;0.0817;0.0331;81.324;classical
67;0.112;0.196;8;-14.767;1;0.0418;0.966;0.802;0.117;0.0363;89.321;classical
68;0.273;0.00573;9;-39.245;1;0.0493;0.994;0.913;0.0857;0.174;91.621;classical
69;0.469;0.0128;7;-36.856;1;0.119;0.994;0.937;0.0941;0.354;72.765;classical
70;0.355;0.0164;3;-28.659;1;0.0396;0.995;0.926;0.0986;0.0922;67.946;classical
71;0.138;0.0126;5;-28.316;1;0.0521;0.992;0.787;0.0713;0.0343;174.084;classical
72;0.233;0.0252;2;-24.824;1;0.0346;0.975;0.601;0.143;0.0936;94.736;classical
73;0.0724;0.0659;3;-19.545;1;0.0408;0.947;0.866;0.109;0.0366;70.285;classical
74;0.356;0.207;10;-17.76;1;0.0388;0.95;0.914;0.0802;0.328;146.755;classical
75;0.124;0.0978;4;-22.849;0;0.0432;0.952;0.218;0.112;0.0433;96.309;classical
76;0.169;0.0974;3;-21.414;1;0.042;0.864;0.632;0.087;0.0524;170.379;classical
77;0.0982;0.0575;6;-24.448;0;0.0454;0.984;0.904;0.122;0.0392;70.041;classical
78;0.183;0.0465;4;-22.96;0;0.0462;0.671;0.795;0.0994;0.151;88.055;classical
79;0.0811;0.0122;4;-32.654;0;0.0511;0.902;0.308;0.0648;0.0384;74.554;classical
80;0.343;0.0342;8;-25.591;1;0.0406;0.991;0.92;0.1;0.0378;60.228;classical
81;0.109;0.106;8;-21.555;1;0.0392;0.82;0.816;0.102;0.0334;88.285;classical
82;0.211;0.00756;7;-33.123;1;0.0455;0.994;0.89;0.0734;0.0391;118.247;classical
83;0.102;0.0449;2;-23.95;1;0.0388;0.972;0.771;0.0646;0.0334;90.459;classical
84;0.102;0.0733;10;-24.133;0;0.0488;0.974;0.859;0.28;0.0308;73.954;classical
85;0.099;0.279;7;-12.939;0;0.0346;0.743;0.903;0.114;0.0464;89.755;classical
86;0.253;0.224;7;-12.908;1;0.0321;0.937;0.88;0.116;0.107;76.652;classical
87;0.238;0.0815;2;-22.5;1;0.045;0.983;4.01e-05;0.279;0.0414;128.52;classical
88;0.0783;0.0523;5;-23.247;1;0.0471;0.896;0.945;0.0806;0.0327;82.015;classical
89;0.285;0.428;3;-11.916;1;0.0436;0.852;0.506;0.114;0.48;159.082;classical
90;0.0959;0.00714;5;-36.544;1;0.0427;0.92;0.0281;0.106;0.0532;70.474;classical
91;0.322;0.184;0;-18.312;0;0.0338;0.984;0.902;0.0813;0.356;107.847;classical
92;0.5;0.0123;5;-30.17;1;0.0712;0.995;0.954;0.0748;0.313;130.128;classical
93;0.0752;0.0604;7;-23.96;0;0.0485;0.957;0.902;0.0889;0.034;76.509;classical
94;0.263;0.0764;0;-21.459;1;0.04;0.943;0.815;0.0793;0.159;102.938;classical
95;0.364;0.0592;2;-21.757;1;0.057;0.978;0.0;0.0823;0.185;123.789;classical
96;0.101;0.115;5;-17.553;1;0.0392;0.769;0.891;0.406;0.0374;84.976;classical
97;0.253;0.098;11;-19.878;0;0.0437;0.93;0.862;0.122;0.062;84.865;classical
98;0.291;0.119;11;-20.493;1;0.0439;0.972;0.51;0.296;0.0571;125.103;classical
99;0.204;0.0367;0;-25.506;0;0.0577;0.948;0.12;0.118;0.097;74.222;classical
100;0.595;0.653;7;-4.935;1;0.0265;0.246;0.0;0.264;0.542;128.93;country
101;0.746;0.443;4;-11.305;1;0.0359;0.663;0.0;0.223;0.554;91.11;country
102;0.635;0.758;7;-5.772;1;0.0243;0.00643;0.0;0.229;0.322;113.002;country
103;0.677;0.724;2;-8.992;1;0.0245;0.143;0.000101;0.158;0.697;90.392;country
104;0.783;0.698;3;-8.268;1;0.0323;0.522;2.52e-06;0.0754;0.758;124.996;country
105;0.698;0.632;9;-6.508;1;0.0247;0.554;0.0;0.118;0.458;102.408;country
106;0.771;0.848;2;-7.365;1;0.035;0.108;0.0;0.35;0.803;115.642;country
107;0.561;0.543;1;-8.498;1;0.0324;0.26;0.0;0.124;0.243;139.803;country
108;0.68;0.589;0;-10.01;1;0.0247;0.152;0.0;0.378;0.696;93.865;country
109;0.644;0.868;10;-3.98;1;0.0464;0.183;0.0;0.322;0.642;134.38;country
110;0.759;0.723;0;-9.315;1;0.028;0.173;0.0;0.179;0.962;136.746;country
111;0.713;0.692;7;-8.554;1;0.0365;0.432;0.0;0.271;0.884;140.561;country
112;0.6;0.242;0;-12.63;1;0.031;0.697;0.0;0.128;0.3;106.616;country
113;0.856;0.517;6;-9.232;0;0.0293;0.563;0.000164;0.144;0.479;118.399;country
114;0.5;0.665;8;-7.157;1;0.0355;0.0237;6.41e-05;0.0994;0.32;154.997;country
115;0.764;0.646;9;-9.424;1;0.0302;0.367;0.0;0.0849;0.877;116.141;country
116;0.674;0.517;11;-11.225;1;0.0726;0.226;0.0;0.0697;0.482;94.98;country
117;0.711;0.491;7;-10.323;1;0.0295;0.381;9.12e-06;0.249;0.671;121.294;country
118;0.486;0.633;9;-8.414;1;0.0365;0.176;0.0;0.312;0.669;162.158;country
119;0.744;0.637;6;-4.483;1;0.0241;0.337;0.000222;0.0696;0.785;100.511;country
120;0.499;0.825;6;-5.146;1;0.177;0.13;0.0;0.306;0.753;185.069;country
121;0.712;0.63;9;-6.202;1;0.0299;0.257;6.65e-05;0.0999;0.768;118.378;country
122;0.699;0.837;2;-5.173;1;0.0428;0.103;0.0;0.231;0.348;95.493;country
123;0.569;0.782;10;-5.868;1;0.0491;0.105;0.0;0.13;0.595;150.631;country
124;0.708;0.524;5;-12.644;1;0.0352;0.0551;3.21e-06;0.0371;0.69;111.482;country
125;0.64;0.852;2;-6.406;1;0.028;0.0907;0.0;0.151;0.903;139.949;country
126;0.536;0.65;2;-5.603;1;0.0337;0.282;1.16e-06;0.0876;0.288;147.93;country
127;0.603;0.852;7;-5.166;1;0.0463;0.0137;0.0;0.513;0.655;124.091;country
128;0.687;0.648;4;-9.137;1;0.027;0.314;1.37e-06;0.289;0.6;121.341;country
129;0.525;0.693;0;-6.972;1;0.0327;0.046;9.55e-06;0.247;0.363;107.012;country
130;0.7;0.896;2;-2.276;1;0.191;0.108;0.0;0.453;0.817;102.065;country
131;0.583;0.812;10;-4.684;1;0.0299;0.131;0.0;0.201;0.408;89.992;country
132;0.325;0.143;2;-12.218;1;0.033;0.469;0.000221;0.101;0.179;110.823;country
133;0.664;0.706;2;-7.045;1;0.027;0.129;1.06e-06;0.0857;0.681;93.968;country
134;0.58;0.816;4;-5.165;1;0.0726;0.132;0.0;0.0776;0.814;89.938;country
135;0.596;0.706;2;-5.562;1;0.0262;0.351;0.0;0.36;0.704;146.088;country
136;0.62;0.852;1;-4.203;1;0.0308;0.0108;4.94e-06;0.279;0.479;90.038;country
137;0.398;0.804;11;-5.559;1;0.0451;0.175;0.0;0.181;0.709;186.752;country
138;0.716;0.72;5;-2.183;1;0.0319;0.307;0.0;0.135;0.464;122.512;country
139;0.52;0.333;2;-11.508;1;0.0302;0.816;0.0;0.188;0.198;74.165;country
140;0.494;0.861;5;-5.236;1;0.0365;0.257;0.0;0.103;0.668;172.052;country
141;0.715;0.775;0;-6.613;1;0.0433;0.354;0.0;0.144;0.803;106.013;country
142;0.56;0.239;4;-16.732;1;0.0347;0.473;1.37e-05;0.0565;0.601;201.672;country
143;0.385;0.443;7;-9.627;0;0.0295;0.0632;0.0;0.0898;0.275;151.278;country
144;0.585;0.793;7;-3.713;1;0.0322;0.351;0.0;0.3;0.732;133.839;country
145;0.582;0.952;5;-3.848;1;0.0731;0.00324;0.0;0.223;0.655;103.027;country
146;0.64;0.639;9;-10.11;1;0.0331;0.134;0.0;0.178;0.593;109.263;country
147;0.713;0.768;2;-6.702;1;0.0363;0.22;0.0;0.177;0.878;125.203;country
148;0.533;0.585;4;-9.789;1;0.0337;0.199;0.0;0.11;0.472;83.403;country
149;0.697;0.535;4;-6.504;1;0.068;0.247;0.0;0.569;0.594;82.959;country
150;0.784;0.893;7;-5.153;0;0.0923;0.3;1.57e-05;0.272;0.819;118.738;disco
151;0.91;0.641;7;-11.316;1;0.0589;0.0258;6.42e-05;0.0642;0.903;118.533;disco
152;0.766;0.844;10;-3.851;1;0.0361;0.0261;0.605;0.18;0.835;129.323;disco
153;0.629;0.851;5;-11.182;0;0.0294;0.0309;0.303;0.0947;0.961;130.7;disco
154;0.605;0.881;9;-4.891;0;0.0462;0.0266;3.28e-06;0.81;0.965;117.178;disco
155;0.771;0.649;0;-10.375;1;0.0434;0.0137;0.00111;0.324;0.653;116.286;disco
156;0.862;0.624;3;-11.63;1;0.0565;0.0192;0.000153;0.0465;0.882;124.896;disco
157;0.88;0.395;11;-14.629;1;0.102;0.0187;3.24e-05;0.0571;0.854;117.161;disco
158;0.698;0.853;1;-9.667;1;0.0353;0.0551;0.00196;0.0388;0.879;107.347;disco
159;0.667;0.521;9;-13.212;0;0.115;0.202;6.55e-05;0.0723;0.856;117.917;disco
160;0.707;0.854;7;-8.231;0;0.0286;0.149;0.117;0.0987;0.96;114.022;disco
161;0.814;0.474;0;-12.017;1;0.0309;0.27;8.16e-06;0.599;0.956;101.241;disco
162;0.564;0.593;9;-9.245;1;0.0328;0.732;0.00366;0.343;0.766;120.753;disco
163;0.784;0.713;0;-6.865;1;0.0339;0.447;0.14;0.0904;0.97;115.443;disco
164;0.753;0.67;9;-7.738;1;0.0508;0.0588;0.0;0.033;0.897;113.012;disco
165;0.762;0.761;1;-10.117;1;0.0323;0.101;5.17e-05;0.0985;0.927;109.056;disco
166;0.836;0.626;9;-10.143;0;0.0335;0.0943;0.742;0.153;0.898;114.657;disco
167;0.59;0.868;5;-5.832;0;0.048;0.0962;0.000322;0.442;0.798;184.348;disco
168;0.879;0.626;7;-6.344;1;0.0604;0.205;6.07e-05;0.056;0.968;110.864;disco
169;0.796;0.892;0;-8.31;1;0.0333;0.00475;0.0187;0.0717;0.965;120.4;disco
170;0.594;0.906;1;-5.536;1;0.0594;0.169;0.00122;0.0778;0.892;104.411;disco
171;0.595;0.921;0;-7.329;1;0.0987;0.179;0.0;0.812;0.937;102.35;disco
172;0.828;0.417;0;-14.136;0;0.0328;0.00709;0.762;0.0703;0.945;100.28;disco
173;0.629;0.615;11;-10.972;0;0.0433;0.169;7.23e-05;0.132;0.673;118.805;disco
174;0.733;0.65;11;-11.878;1;0.0658;0.0133;0.00437;0.627;0.65;120.944;disco
175;0.863;0.726;9;-6.649;1;0.0494;0.415;0.0299;0.0735;0.93;132.574;disco
176;0.631;0.713;5;-7.124;1;0.0311;0.00204;0.000344;0.414;0.891;130.949;disco
177;0.589;0.384;10;-15.075;0;0.0332;0.112;2.8e-05;0.0596;0.354;132.909;disco
178;0.551;0.89;0;-3.819;0;0.126;0.175;2.53e-05;0.11;0.67;121.752;disco
179;0.912;0.534;6;-5.319;0;0.0366;0.139;0.102;0.0387;0.963;114.681;disco
180;0.934;0.646;11;-5.727;0;0.228;0.0303;0.00614;0.0776;0.832;116.351;disco
181;0.73;0.622;7;-11.7;0;0.0532;0.269;0.00874;0.111;0.752;90.973;disco
182;0.731;0.804;2;-6.62;1;0.106;0.22;0.0;0.15;0.761;118.933;disco
183;0.734;0.42;2;-12.036;1;0.028;0.188;0.242;0.0826;0.462;94.161;disco
184;0.472;0.71;0;-8.852;1;0.0599;0.278;1.36e-06;0.103;0.527;120.052;disco
185;0.739;0.917;5;-4.459;1;0.0504;0.177;0.119;0.0834;0.749;110.163;disco
186;0.808;0.485;0;-8.829;1;0.056;0.0761;0.00414;0.0477;0.714;122.659;disco
187;0.631;0.563;2;-12.135;0;0.0552;0.398;0.0;0.0733;0.947;117.963;disco
188;0.617;0.879;0;-7.564;0;0.0455;0.127;5.71e-05;0.339;0.746;114.453;disco
189;0.75;0.785;6;-10.926;1;0.0591;0.0278;0.0;0.0601;0.752;126.361;disco
190;0.801;0.446;10;-14.605;1;0.0735;0.74;0.038;0.0832;0.925;97.898;disco
191;0.677;0.667;5;-8.819;1;0.0264;0.0188;0.801;0.168;0.871;117.11;disco
192;0.682;0.925;2;-6.526;1;0.0483;0.000907;7.73e-05;0.0655;0.876;140.772;disco
193;0.774;0.641;1;-10.193;1;0.0799;0.0765;0.0;0.0867;0.875;113.256;disco
194;0.703;0.755;5;-9.337;1;0.0749;0.00947;0.02;0.17;0.731;117.128;disco
195;0.747;0.548;11;-10.506;0;0.0336;0.309;0.155;0.0592;0.675;105.13;disco
196;0.791;0.734;5;-5.464;1;0.0629;0.522;0.00165;0.167;0.962;105.854;disco
197;0.678;0.688;1;-7.83;1;0.0544;0.0611;0.0;0.0671;0.887;114.098;disco
198;0.663;0.792;0;-5.476;1;0.0311;0.517;0.000139;0.111;0.847;103.009;disco
199;0.781;0.556;5;-13.067;0;0.0611;0.0661;0.0907;0.0339;0.968;125.999;disco
200;0.848;0.666;0;-6.547;1;0.274;0.173;0.000699;0.129;0.744;96.662;hiphop
201;0.862;0.642;6;-13.652;0;0.101;0.102;0.0;0.272;0.765;99.201;hiphop
202;0.875;0.745;1;-5.878;1;0.269;0.0227;2.37e-06;0.287;0.749;95.201;hiphop
203;0.759;0.756;4;-8.145;0;0.266;0.0903;2.36e-06;0.265;0.613;87.059;hiphop
204;0.737;0.89;4;-8.443;1;0.158;0.00556;0.00171;0.0801;0.809;105.848;hiphop
205;0.697;0.687;6;-11.111;1;0.379;0.26;4.8e-05;0.403;0.866;90.247;hiphop
206;0.782;0.589;1;-4.827;1;0.189;0.148;0.0;0.164;0.869;90.438;hiphop
207;0.904;0.577;1;-7.293;1;0.132;0.125;0.0;0.115;0.7;102.691;hiphop
208;0.934;0.459;1;-7.654;1;0.189;0.0516;0.0;0.222;0.697;103.04;hiphop
209;0.794;0.95;1;-8.78;1;0.294;0.124;7.71e-05;0.133;0.324;94.984;hiphop
210;0.9;0.619;4;-6.518;0;0.312;0.203;0.00156;0.0647;0.864;94.121;hiphop
211;0.704;0.642;1;-10.11;1;0.39;0.00704;1.43e-06;0.161;0.72;92.09;hiphop
212;0.835;0.456;6;-10.195;0;0.266;0.38;0.00359;0.16;0.224;101.889;hiphop
213;0.712;0.895;10;-4.212;0;0.254;0.181;1.8e-05;0.108;0.727;96.338;hiphop
214;0.825;0.639;4;-6.607;1;0.185;0.0731;0.0225;0.0612;0.866;97.389;hiphop
215;0.836;0.484;2;-7.332;1;0.327;0.0454;0.0;0.0557;0.839;95.941;hiphop
216;0.791;0.759;10;-7.378;0;0.129;0.0314;0.674;0.255;0.619;102.382;hiphop
217;0.763;0.786;10;-6.472;0;0.229;0.0146;0.0114;0.0817;0.504;93.857;hiphop
218;0.711;0.62;11;-10.174;0;0.212;0.0175;0.0;0.134;0.805;179.817;hiphop
219;0.733;0.67;10;-3.532;0;0.132;0.119;0.0;0.442;0.763;86.983;hiphop
220;0.757;0.725;8;-6.524;1;0.303;0.369;0.00139;0.431;0.707;103.014;hiphop
221;0.479;0.549;11;-10.551;0;0.373;0.57;0.0239;0.127;0.576;180.985;hiphop
222;0.836;0.728;10;-12.058;0;0.234;0.00569;0.000819;0.0649;0.599;100.842;hiphop
223;0.801;0.757;7;-8.01;1;0.316;0.478;1.32e-05;0.163;0.607;88.025;hiphop
224;0.65;0.9;1;-4.099;0;0.374;0.0252;0.0;0.176;0.659;89.788;hiphop
225;0.713;0.597;6;-10.741;0;0.37;0.0314;0.0;0.0348;0.803;169.646;hiphop
226;0.658;0.771;4;-4.318;1;0.271;0.016;0.0;0.654;0.516;85.949;hiphop
227;0.682;0.647;8;-7.332;1;0.189;0.000693;5.97e-06;0.0693;0.529;181.86;hiphop
228;0.876;0.42;0;-18.246;0;0.279;0.188;0.00186;0.0668;0.706;98.304;hiphop
229;0.683;0.902;1;-7.389;0;0.291;0.219;0.000761;0.226;0.724;90.447;hiphop
230;0.956;0.72;11;-13.476;0;0.137;0.000844;0.0;0.0597;0.961;127.872;hiphop
231;0.858;0.76;4;-7.895;0;0.254;0.0217;0.0;0.322;0.951;93.082;hiphop
232;0.729;0.442;11;-8.106;0;0.285;0.151;0.0;0.189;0.757;81.029;hiphop
233;0.567;0.587;9;-5.626;0;0.0417;0.867;0.0;0.13;0.572;83.046;hiphop
234;0.779;0.641;2;-11.228;1;0.158;0.134;8.19e-06;0.0831;0.885;164.976;hiphop
235;0.798;0.888;10;-4.415;0;0.16;0.104;9.47e-06;0.323;0.661;99.608;hiphop
236;0.665;0.91;6;-4.682;0;0.223;0.0394;0.0;0.227;0.887;84.099;hiphop
237;0.525;0.724;6;-11.282;0;0.173;0.0106;1.15e-05;0.0563;0.91;186.531;hiphop
238;0.763;0.541;9;-8.843;0;0.329;0.466;0.0;0.0693;0.885;90.032;hiphop
239;0.886;0.512;10;-11.825;0;0.237;0.207;0.0;0.0991;0.454;93.997;hiphop
240;0.761;0.683;2;-10.889;1;0.164;0.141;0.0;0.342;0.671;101.787;hiphop
241;0.805;0.653;8;-11.251;0;0.185;0.138;0.0;0.1;0.257;100.349;hiphop
242;0.867;0.679;10;-12.028;0;0.207;0.0336;1.59e-06;0.0742;0.68;101.293;hiphop
243;0.894;0.625;10;-7.339;0;0.354;0.142;0.0;0.387;0.809;90.121;hiphop
244;0.765;0.29;4;-17.117;0;0.139;0.0279;0.0;0.571;0.506;92.409;hiphop
245;0.732;0.554;10;-8.403;0;0.27;0.204;0.0;0.1;0.951;161.233;hiphop
246;0.778;0.578;9;-7.22;0;0.274;0.432;0.0;0.138;0.758;84.487;hiphop
247;0.89;0.716;1;-9.673;1;0.296;0.174;0.000589;0.0657;0.656;99.987;hiphop
248;0.681;0.529;7;-7.897;0;0.0341;0.201;0.0;0.184;0.568;91.081;hiphop
249;0.721;0.949;6;-5.685;1;0.278;0.0495;0.0;0.327;0.835;83.028;hiphop
250;0.464;0.0358;7;-20.836;0;0.0454;0.941;0.178;0.0836;0.187;77.57;jazz
251;0.394;0.441;8;-14.237;1;0.0371;0.692;0.0375;0.105;0.629;90.058;jazz
252;0.558;0.0891;2;-17.633;0;0.0643;0.946;0.924;0.0966;0.13;100.523;jazz
253;0.568;0.261;10;-16.72;1;0.0292;0.73;0.182;0.977;0.405;84.463;jazz
254;0.395;0.121;9;-23.427;1;0.0327;0.935;0.397;0.697;0.139;114.521;jazz
255;0.34;0.0837;3;-12.072;1;0.042;0.985;0.761;0.0945;0.119;138.689;jazz
256;0.308;0.114;5;-20.291;1;0.0399;0.912;0.919;0.169;0.163;79.261;jazz
257;0.476;0.217;8;-10.75;1;0.0308;0.892;6.09e-05;0.0966;0.121;116.079;jazz
258;0.505;0.145;8;-11.153;1;0.0357;0.97;0.933;0.0847;0.346;125.848;jazz
259;0.634;0.327;0;-9.703;0;0.0551;0.709;0.0131;0.158;0.498;80.825;jazz
260;0.742;0.671;5;-8.142;0;0.0407;0.794;0.00441;0.122;0.591;127.359;jazz
261;0.339;0.342;7;-7.596;0;0.0313;0.962;0.319;0.162;0.393;132.599;jazz
262;0.575;0.187;0;-13.081;0;0.0513;0.927;0.876;0.166;0.342;107.469;jazz
263;0.611;0.292;2;-18.391;1;0.0646;0.762;0.000146;0.0571;0.544;83.424;jazz
264;0.336;0.0619;5;-20.494;0;0.0363;0.985;0.891;0.11;0.197;60.705;jazz
265;0.539;0.403;8;-9.168;1;0.0531;0.794;0.000613;0.278;0.699;165.301;jazz
266;0.376;0.278;0;-8.597;0;0.0416;0.912;0.886;0.0728;0.199;62.055;jazz
267;0.671;0.352;0;-11.511;1;0.0556;0.532;0.000141;0.11;0.396;120.235;jazz
268;0.542;0.32;8;-9.975;1;0.0387;0.907;0.649;0.0609;0.206;116.648;jazz
269;0.427;0.114;2;-22.546;0;0.0509;0.843;0.863;0.0966;0.114;60.484;jazz
270;0.531;0.366;5;-11.697;0;0.0496;0.911;0.88;0.0916;0.785;81.867;jazz
271;0.384;0.125;3;-14.545;1;0.0413;0.943;0.439;0.265;0.221;66.978;jazz
272;0.553;0.0902;2;-21.491;1;0.043;0.984;0.91;0.1;0.289;89.369;jazz
273;0.488;0.0527;5;-27.331;1;0.0478;0.971;0.911;0.0882;0.193;49.689;jazz
274;0.358;0.452;1;-13.02;1;0.0347;0.991;0.864;0.14;0.525;166.973;jazz
275;0.593;0.103;10;-14.961;1;0.081;0.986;0.6;0.12;0.443;66.283;jazz
276;0.356;0.0937;8;-16.64;0;0.0353;0.957;0.096;0.209;0.278;86.669;jazz
277;0.609;0.496;5;-8.59;0;0.0475;0.802;0.227;0.168;0.457;130.801;jazz
278;0.335;0.0525;10;-21.434;0;0.0352;0.965;0.412;0.0893;0.191;110.773;jazz
279;0.615;0.204;7;-16.075;1;0.0439;0.872;0.382;0.071;0.496;96.47;jazz
280;0.561;0.346;0;-12.596;0;0.0409;0.873;0.399;0.104;0.697;93.689;jazz
281;0.454;0.26;8;-13.193;0;0.0401;0.539;0.00078;0.0675;0.598;174.322;jazz
282;0.483;0.364;9;-10.78;0;0.0265;0.564;0.299;0.0542;0.349;98.445;jazz
283;0.334;0.162;5;-17.274;1;0.0431;0.981;0.686;0.422;0.104;68.39;jazz
284;0.331;0.0491;4;-17.538;1;0.0403;0.99;0.905;0.334;0.331;124.657;jazz
285;0.378;0.232;0;-18.05;1;0.0303;0.87;0.948;0.1;0.155;148.531;jazz
286;0.478;0.0294;0;-25.319;1;0.0453;0.993;0.948;0.105;0.148;124.308;jazz
287;0.49;0.476;7;-13.224;0;0.0365;0.696;0.00953;0.148;0.778;134.826;jazz
288;0.585;0.149;3;-13.139;1;0.0695;0.921;0.0809;0.0931;0.195;67.572;jazz
289;0.579;0.573;0;-11.194;1;0.0565;0.453;0.183;0.71;0.522;89.115;jazz
290;0.58;0.48;7;-7.682;0;0.0339;0.837;0.00432;0.171;0.48;108.892;jazz
291;0.587;0.259;4;-15.805;1;0.0604;0.902;0.533;0.0932;0.311;109.837;jazz
292;0.466;0.0718;0;-17.999;1;0.0375;0.984;0.000931;0.107;0.196;121.769;jazz
293;0.571;0.293;0;-11.914;0;0.0385;0.828;0.179;0.112;0.23;82.745;jazz
294;0.492;0.151;5;-18.015;0;0.0421;0.918;0.00352;0.11;0.214;124.919;jazz
295;0.653;0.368;10;-11.567;0;0.0439;0.875;0.00305;0.0972;0.249;117.161;jazz
296;0.645;0.309;0;-16.798;0;0.0416;0.686;5.62e-06;0.243;0.824;104.792;jazz
297;0.652;0.356;5;-13.733;0;0.0419;0.546;0.000103;0.132;0.56;148.822;jazz
298;0.584;0.44;5;-9.696;0;0.0329;0.713;6.37e-06;0.141;0.737;81.626;jazz
299;0.54;0.0671;1;-18.633;1;0.0397;0.966;0.779;0.101;0.316;84.192;jazz
300;0.317;0.937;9;-5.244;1;0.0651;0.00174;0.723;0.352;0.559;146.584;metal
301;0.302;0.805;6;-11.395;0;0.0967;0.000849;4.19e-06;0.151;0.578;112.766;metal
302;0.508;0.852;6;-7.842;1;0.0718;0.00134;0.0;0.363;0.184;129.174;metal
303;0.282;0.905;0;-9.455;1;0.114;0.000278;0.375;0.0894;0.554;133.837;metal
304;0.362;0.961;2;-5.664;1;0.0857;0.024;9.35e-06;0.159;0.491;164.019;metal
305;0.291;0.758;1;-12.103;1;0.0556;0.000918;6.84e-06;0.291;0.446;80.601;metal
306;0.365;0.978;9;-6.314;1;0.0698;0.00016;0.00241;0.206;0.108;101.886;metal
307;0.445;0.959;7;-5.875;1;0.0612;3.16e-05;0.00678;0.178;0.365;97.974;metal
308;0.473;0.783;10;-10.671;0;0.0869;0.0125;0.475;0.268;0.124;91.976;metal
309;0.294;0.613;1;-10.527;1;0.0374;0.234;0.000498;0.139;0.231;112.767;metal
310;0.544;0.739;9;-7.383;1;0.0517;0.00392;0.000143;0.168;0.328;118.287;metal
311;0.428;0.947;10;-8.516;0;0.0751;0.000679;0.0563;0.262;0.223;102.335;metal
312;0.229;0.704;9;-4.692;1;0.0342;0.000135;0.000384;0.15;0.179;74.6;metal
313;0.362;0.797;3;-8.824;0;0.0424;0.00328;2e-06;0.0668;0.753;107.249;metal
314;0.262;0.988;4;-4.939;0;0.117;1.63e-05;0.733;0.21;0.259;113.663;metal
315;0.355;0.922;0;-7.331;0;0.103;0.136;0.0138;0.265;0.276;126.937;metal
316;0.52;0.724;1;-8.277;0;0.0364;0.019;0.163;0.137;0.421;90.014;metal
317;0.534;0.969;3;-3.378;1;0.0535;0.000359;0.564;0.269;0.598;75.005;metal
318;0.329;0.885;9;-10.661;1;0.0904;0.0242;0.00433;0.735;0.481;163.538;metal
319;0.24;0.958;11;-10.151;0;0.1;2.73e-05;0.0354;0.769;0.0718;161.887;metal
320;0.477;0.859;0;-8.625;1;0.0387;0.000333;0.000155;0.265;0.629;91.009;metal
321;0.197;0.885;4;-11.437;1;0.0664;2.22e-05;0.000981;0.126;0.332;158.964;metal
322;0.36;0.99;8;-4.444;1;0.17;1.25e-05;3.12e-05;0.172;0.151;191.99;metal
323;0.175;0.969;1;-4.496;1;0.0877;0.000458;0.0853;0.0889;0.295;192.481;metal
324;0.61;0.891;4;-5.452;0;0.0587;0.000805;0.0928;0.0657;0.51;139.903;metal
325;0.496;0.62;4;-7.458;0;0.0265;0.00386;1.47e-06;0.114;0.279;140.06;metal
326;0.575;0.881;9;-13.012;1;0.0357;0.000117;2.69e-05;0.147;0.699;132.127;metal
327;0.34;0.783;1;-6.235;1;0.0394;0.00457;0.000153;0.0812;0.312;81.932;metal
328;0.437;0.891;8;-4.159;1;0.0326;0.000324;8.46e-05;0.0539;0.444;133.814;metal
329;0.329;0.974;3;-8.77;0;0.135;0.000852;0.000118;0.0904;0.234;140.862;metal
330;0.245;0.933;4;-8.148;0;0.0863;3.43e-05;0.182;0.0437;0.456;178.555;metal
331;0.285;0.825;1;-7.049;0;0.0466;0.000826;0.0;0.268;0.516;164.611;metal
332;0.145;0.988;1;-3.131;1;0.0834;4.68e-06;0.00755;0.293;0.215;187.877;metal
333;0.196;0.995;4;-4.887;0;0.104;1.17e-06;0.0492;0.266;0.177;91.0;metal
334;0.245;0.861;2;-8.728;1;0.0415;0.000256;0.871;0.216;0.483;91.056;metal
335;0.462;0.628;7;-5.659;1;0.0274;0.0534;0.00025;0.12;0.0981;140.049;metal
336;0.158;0.572;7;-6.293;0;0.0346;0.000926;0.893;0.144;0.347;79.176;metal
337;0.285;0.908;4;-4.601;0;0.0705;0.0318;0.00909;0.311;0.669;159.756;metal
338;0.166;0.927;7;-8.797;1;0.0736;3.94e-06;0.651;0.344;0.219;131.984;metal
339;0.19;0.934;1;-7.796;1;0.056;8.08e-06;0.107;0.363;0.36;98.424;metal
340;0.294;0.995;1;-4.383;0;0.168;0.000489;0.331;0.128;0.0379;88.777;metal
341;0.342;0.888;2;-11.883;1;0.0463;0.000175;0.46;0.139;0.195;126.69;metal
342;0.483;0.893;4;-3.785;0;0.0652;0.018;0.00075;0.162;0.2;131.681;metal
343;0.459;0.923;10;-6.081;0;0.0709;9.19e-05;1.46e-06;0.454;0.548;119.838;metal
344;0.733;0.726;7;-6.514;1;0.0371;0.379;2.58e-06;0.471;0.915;120.814;metal
345;0.232;0.931;9;-8.804;1;0.0808;0.00413;0.756;0.0927;0.0371;122.684;metal
346;0.314;0.964;0;-4.276;1;0.0939;0.00135;0.000247;0.289;0.238;177.931;metal
347;0.365;0.763;11;-9.45;0;0.0591;0.00726;0.000457;0.0865;0.342;148.366;metal
348;0.429;0.631;4;-11.514;0;0.0769;7.85e-05;0.00411;0.175;0.376;162.734;metal
349;0.374;0.728;1;-11.502;1;0.0572;0.000245;0.00582;0.113;0.348;105.392;metal
350;0.573;0.739;0;-5.74;1;0.129;0.0285;0.0;0.111;0.451;97.085;pop
351;0.643;0.671;7;-7.45;1;0.0842;0.241;0.0178;0.12;0.297;96.924;pop
352;0.765;0.523;2;-4.333;1;0.03;0.184;3.56e-05;0.132;0.394;104.988;pop
353;0.824;0.545;5;-7.127;1;0.0699;0.0221;0.00375;0.097;0.683;149.912;pop
354;0.64;0.789;8;-4.891;1;0.0644;0.0875;0.0;0.147;0.762;75.018;pop
355;0.694;0.712;7;-3.923;0;0.046;0.133;0.0;0.211;0.799;98.022;pop
356;0.664;0.708;8;-4.154;1;0.0474;0.0337;0.0;0.0841;0.742;103.07;pop
357;0.803;0.585;8;-5.861;1;0.0432;0.103;3.94e-06;0.0644;0.593;105.017;pop
358;0.752;0.488;6;-7.05;1;0.0705;0.297;9.11e-06;0.0936;0.533;136.041;pop
359;0.705;0.64;11;-6.928;0;0.225;0.0237;0.0;0.262;0.887;144.077;pop
360;0.728;0.415;8;-6.852;1;0.0639;0.401;0.0;0.0616;0.455;114.145;pop
361;0.697;0.683;1;-2.881;0;0.117;0.0372;0.0;0.137;0.603;96.133;pop
362;0.642;0.772;10;-6.61;1;0.0848;0.0476;0.0;0.0646;0.589;153.995;pop
363;0.375;0.461;9;-6.202;1;0.0279;0.627;0.0;0.386;0.233;75.217;pop
364;0.74;0.415;0;-8.914;1;0.0707;0.242;0.000156;0.319;0.156;136.029;pop
365;0.842;0.734;1;-5.065;0;0.0588;0.0427;0.0;0.106;0.952;137.958;pop
366;0.781;0.67;3;-3.912;0;0.0452;0.0103;0.0;0.0761;0.595;127.99;pop
367;0.706;0.783;0;-3.441;0;0.1;0.315;0.0;0.373;0.739;150.045;pop
368;0.448;0.824;5;-4.249;0;0.057;0.0739;0.0;0.113;0.419;119.965;pop
369;0.578;0.537;9;-8.676;1;0.0832;0.162;0.0;0.076;0.25;83.909;pop
370;0.729;0.65;5;-3.539;1;0.0313;0.0702;6.69e-05;0.0829;0.347;110.02;pop
371;0.64;0.392;2;-7.246;0;0.0574;0.0593;0.0;0.0839;0.502;145.838;pop
372;0.407;0.416;6;-8.915;0;0.174;0.656;0.0;0.0981;0.246;176.947;pop
373;0.475;0.846;10;-3.344;1;0.283;0.275;0.0;0.0824;0.451;96.036;pop
374;0.654;0.623;6;-5.273;0;0.082;0.253;0.0;0.144;0.401;123.996;pop
375;0.774;0.753;4;-5.446;0;0.0517;0.152;0.0;0.0371;0.896;119.002;pop
376;0.812;0.519;2;-4.823;1;0.0385;0.379;0.0;0.13;0.554;104.954;pop
377;0.779;0.705;0;-3.895;1;0.0344;0.369;7.91e-06;0.124;0.946;101.022;pop
378;0.755;0.837;2;-2.718;0;0.142;0.0991;0.0;0.289;0.714;120.028;pop
379;0.63;0.53;0;-7.259;1;0.0434;0.4;0.0;0.177;0.417;108.038;pop
380;0.753;0.657;7;-3.061;1;0.0449;0.171;0.0;0.112;0.437;107.01;pop
381;0.526;0.818;3;-5.952;1;0.0358;0.0587;0.0;0.333;0.896;171.96;pop
382;0.858;0.678;1;-3.87;0;0.0469;0.0761;0.0;0.0741;0.922;117.009;pop
383;0.749;0.461;10;-2.961;0;0.0416;0.0516;6.24e-06;0.0738;0.42;139.02;pop
384;0.873;0.495;6;-5.446;1;0.0518;0.199;0.0;0.0805;0.546;106.033;pop
385;0.557;0.457;7;-5.372;1;0.0335;0.428;0.0;0.0567;0.328;105.918;pop
386;0.708;0.186;9;-8.953;0;0.042;0.868;0.0;0.0779;0.322;72.541;pop
387;0.443;0.582;2;-6.02;1;0.0482;0.0301;0.0;0.127;0.239;147.589;pop
388;0.724;0.594;6;-7.126;0;0.102;0.393;0.00116;0.0889;0.413;136.002;pop
389;0.728;0.563;1;-8.053;0;0.134;0.621;0.0;0.179;0.352;100.017;pop
390;0.752;0.505;9;-7.621;1;0.253;0.535;2.55e-06;0.104;0.419;91.97;pop
391;0.587;0.583;5;-5.284;0;0.0313;0.248;0.0;0.124;0.15;139.92;pop
392;0.606;0.9;0;-4.504;1;0.119;0.0101;0.0;0.075;0.233;133.963;pop
393;0.683;0.42;5;-6.51;1;0.0542;0.0875;0.0;0.225;0.469;128.621;pop
394;0.912;0.716;10;-4.141;0;0.0697;0.0904;0.0;0.0491;0.377;94.981;pop
395;0.642;0.546;1;-5.377;1;0.0407;0.0825;0.0;0.0989;0.142;122.165;pop
396;0.629;0.327;11;-8.285;1;0.029;0.761;2.96e-05;0.103;0.381;74.953;pop
397;0.674;0.881;9;-2.853;1;0.147;0.296;3.01e-06;0.0793;0.234;98.994;pop
398;0.642;0.374;4;-9.386;1;0.0545;0.786;0.0;0.0906;0.0799;124.099;pop
399;0.696;0.686;5;-6.113;0;0.0309;0.262;0.0;0.174;0.7;115.982;pop
400;0.825;0.433;5;-13.085;0;0.337;0.0585;0.0;0.0618;0.687;127.686;reggae
401;0.76;0.568;2;-12.166;0;0.0578;0.0521;0.000932;0.0666;0.962;144.678;reggae
402;0.766;0.49;6;-13.04;1;0.3;0.359;0.0085;0.046;0.959;72.846;reggae
403;0.7;0.473;7;-9.893;0;0.0687;0.129;0.000891;0.0452;0.578;91.558;reggae
404;0.858;0.473;5;-10.158;1;0.0411;0.121;0.000376;0.0855;0.93;105.114;reggae
405;0.846;0.564;4;-10.915;0;0.0981;0.0176;0.026;0.0713;0.708;131.25;reggae
406;0.824;0.366;7;-10.96;1;0.145;0.039;0.106;0.0403;0.895;73.949;reggae
407;0.795;0.415;0;-10.466;1;0.153;0.127;8.76e-06;0.0669;0.821;76.28;reggae
408;0.779;0.533;6;-14.152;1;0.0535;0.272;0.159;0.13;0.944;142.495;reggae
409;0.837;0.382;2;-10.726;1;0.052;0.33;6.14e-05;0.127;0.56;139.042;reggae
410;0.501;0.407;9;-13.142;0;0.305;0.252;0.000342;0.128;0.722;77.152;reggae
411;0.707;0.716;10;-8.962;0;0.0879;0.057;4.25e-06;0.36;0.966;154.118;reggae
412;0.822;0.324;0;-12.85;1;0.0422;0.021;0.000302;0.0647;0.698;84.3;reggae
413;0.756;0.558;4;-16.157;1;0.0476;0.162;5.5e-06;0.0748;0.802;97.002;reggae
414;0.604;0.458;4;-15.055;0;0.161;0.432;0.00446;0.0804;0.636;174.248;reggae
415;0.888;0.521;4;-6.845;1;0.306;0.229;0.0;0.0794;0.962;143.879;reggae
416;0.686;0.652;9;-7.586;0;0.111;0.0331;8.34e-06;0.0578;0.503;141.185;reggae
417;0.828;0.354;11;-13.34;0;0.256;0.306;0.0;0.0832;0.788;72.73;reggae
418;0.825;0.62;2;-6.083;1;0.211;0.183;0.0;0.0822;0.744;150.243;reggae
419;0.778;0.513;0;-9.948;1;0.142;0.651;3.03e-06;0.149;0.794;105.378;reggae
420;0.675;0.526;1;-11.39;1;0.0403;0.653;0.000319;0.305;0.93;77.964;reggae
421;0.739;0.758;5;-6.418;0;0.103;0.405;5.18e-05;0.0808;0.787;92.878;reggae
422;0.765;0.555;10;-7.579;0;0.374;0.409;2.04e-06;0.073;0.828;77.848;reggae
423;0.918;0.393;7;-16.088;1;0.15;0.0314;0.000153;0.0269;0.803;131.84;reggae
424;0.932;0.359;11;-12.958;0;0.0944;0.0597;0.0;0.136;0.906;127.153;reggae
425;0.718;0.341;8;-10.771;1;0.106;0.513;0.943;0.126;0.487;159.054;reggae
426;0.749;0.296;4;-17.927;1;0.356;0.0713;0.00458;0.0879;0.475;164.707;reggae
427;0.818;0.459;9;-11.172;0;0.19;0.392;1.15e-05;0.0489;0.726;78.469;reggae
428;0.78;0.427;5;-8.371;0;0.126;0.128;1.76e-05;0.0697;0.526;71.665;reggae
429;0.727;0.413;0;-8.844;1;0.352;0.00565;2.71e-06;0.138;0.814;69.884;reggae
430;0.886;0.522;7;-7.971;1;0.173;0.0477;0.00108;0.207;0.79;82.439;reggae
431;0.766;0.427;4;-10.959;0;0.336;0.731;0.000572;0.184;0.823;74.063;reggae
432;0.813;0.395;0;-11.573;1;0.0721;0.0615;6.72e-06;0.0923;0.783;83.117;reggae
433;0.818;0.418;4;-9.336;0;0.2;0.0321;1.56e-05;0.0736;0.609;148.588;reggae
434;0.852;0.44;2;-11.456;1;0.0747;0.761;0.157;0.102;0.964;135.399;reggae
435;0.841;0.547;5;-8.69;0;0.0601;0.845;0.256;0.0704;0.844;112.852;reggae
436;0.749;0.849;4;-5.761;0;0.0544;0.0299;0.000168;0.115;0.959;145.169;reggae
437;0.822;0.616;8;-5.509;1;0.181;0.25;1.15e-05;0.107;0.665;83.692;reggae
438;0.865;0.549;0;-10.083;1;0.244;0.0845;0.156;0.081;0.616;142.8;reggae
439;0.715;0.389;8;-10.78;0;0.153;0.0142;0.913;0.068;0.318;80.108;reggae
440;0.735;0.507;6;-11.17;0;0.0842;0.136;0.0176;0.373;0.783;144.093;reggae
441;0.938;0.815;9;-7.747;0;0.138;0.452;0.00418;0.346;0.877;124.325;reggae
442;0.637;0.612;1;-7.298;1;0.0661;0.0314;0.000326;0.155;0.711;76.295;reggae
443;0.89;0.597;9;-6.643;0;0.0668;0.046;1.28e-06;0.145;0.768;145.946;reggae
444;0.88;0.674;1;-6.646;0;0.0935;0.00221;0.00406;0.0634;0.844;124.196;reggae
445;0.853;0.658;4;-9.777;0;0.0767;0.39;2.87e-05;0.104;0.626;103.081;reggae
446;0.717;0.578;2;-7.54;1;0.102;0.00354;8.89e-05;0.301;0.919;74.424;reggae
447;0.868;0.696;9;-6.122;0;0.0655;0.00254;0.0545;0.533;0.905;117.654;reggae
448;0.804;0.531;1;-6.467;1;0.0926;0.0241;0.13;0.361;0.768;141.263;reggae
449;0.795;0.519;1;-9.514;1;0.0357;0.137;0.808;0.126;0.945;154.948;reggae
450;0.489;0.724;5;-8.367;1;0.0352;0.313;0.185;0.287;0.15;117.292;rock
451;0.377;0.682;7;-8.039;1;0.0299;0.000894;0.00217;0.0504;0.288;108.736;rock
452;0.596;0.605;7;-12.145;1;0.0255;0.181;0.000331;0.0863;0.886;97.798;rock
453;0.684;0.481;2;-12.59;1;0.0384;0.475;6.57e-05;0.118;0.784;115.078;rock
454;0.338;0.34;9;-12.049;0;0.0339;0.58;0.0032;0.116;0.197;82.433;rock
455;0.55;0.824;2;-5.988;1;0.0334;0.448;0.000127;0.366;0.777;114.512;rock
456;0.333;0.927;9;-8.55;0;0.0733;0.0029;0.000208;0.297;0.385;141.466;rock
457;0.545;0.64;4;-9.937;0;0.224;0.00249;0.0304;0.196;0.606;80.544;rock
458;0.445;0.706;8;-9.803;1;0.0461;0.234;0.000252;0.205;0.768;80.823;rock
459;0.598;0.676;0;-9.211;1;0.0279;0.13;0.225;0.112;0.805;114.169;rock
460;0.596;0.448;5;-9.616;1;0.0396;0.365;5.3e-06;0.206;0.796;83.293;rock
461;0.28;0.908;2;-5.509;0;0.109;0.0327;8.85e-06;0.18;0.26;118.698;rock
462;0.599;0.79;4;-3.58;1;0.043;0.00257;0.00181;0.312;0.961;103.783;rock
463;0.806;0.462;2;-12.778;1;0.0298;0.78;0.0134;0.15;0.736;92.726;rock
464;0.261;0.703;6;-7.871;1;0.0414;0.115;0.00078;0.102;0.405;83.495;rock
465;0.429;0.631;4;-11.514;0;0.0769;7.85e-05;0.00411;0.175;0.376;162.734;rock
466;0.55;0.765;7;-8.684;1;0.0287;4.76e-06;0.873;0.132;0.419;139.46;rock
467;0.361;0.728;6;-8.519;1;0.0368;0.000291;0.000112;0.0701;0.155;105.768;rock
468;0.536;0.901;9;-7.211;1;0.0374;0.00145;0.0186;0.06;0.666;87.559;rock
469;0.547;0.691;4;-13.553;0;0.0369;0.015;0.105;0.144;0.667;137.148;rock
470;0.438;0.805;8;-6.237;1;0.0624;0.00255;5.69e-05;0.0842;0.564;113.253;rock
471;0.454;0.913;9;-4.008;1;0.107;0.408;0.000271;0.248;0.521;137.688;rock
472;0.543;0.529;7;-9.717;1;0.0301;0.326;0.00269;0.709;0.746;85.126;rock
473;0.484;0.711;2;-7.784;1;0.0331;0.0183;0.173;0.0941;0.49;148.189;rock
474;0.674;0.789;8;-6.903;1;0.0676;0.00178;0.0071;0.0754;0.918;129.804;rock
475;0.39;0.649;2;-5.163;1;0.0345;0.172;0.0;0.216;0.144;121.16;rock
476;0.505;0.476;2;-12.897;1;0.0711;0.25;0.00915;0.113;0.542;99.31;rock
477;0.475;0.439;11;-15.039;0;0.0427;0.000146;0.000277;0.223;0.76;118.392;rock
478;0.726;0.463;0;-7.828;1;0.0799;0.00817;0.447;0.255;0.321;123.881;rock
479;0.438;0.71;2;-12.412;1;0.0919;0.262;0.537;0.221;0.53;145.928;rock
480;0.292;0.823;7;-6.763;1;0.0407;0.0117;7.79e-05;0.155;0.244;89.939;rock
481;0.215;0.927;9;-7.327;1;0.0452;0.000273;0.00661;0.126;0.49;170.814;rock
482;0.733;0.726;7;-6.514;1;0.0371;0.379;2.58e-06;0.471;0.915;120.814;rock
483;0.67;0.591;7;-6.012;1;0.0646;0.62;0.0;0.373;0.8;91.439;rock
484;0.666;0.855;9;-5.051;0;0.0295;0.179;1.2e-06;0.0987;0.803;125.639;rock
485;0.623;0.449;5;-13.333;1;0.0253;0.212;0.0;0.0613;0.572;84.383;rock
486;0.768;0.852;4;-6.215;1;0.038;0.214;7.36e-05;0.0723;0.867;128.373;rock
487;0.53;0.864;4;-4.948;0;0.061;0.000753;0.000459;0.354;0.484;166.312;rock
488;0.653;0.677;0;-12.244;1;0.0396;0.249;0.0;0.403;0.888;114.37;rock
489;0.573;0.939;8;-6.441;1;0.0808;0.493;0.0;0.0994;0.963;137.382;rock
490;0.509;0.584;0;-4.907;1;0.057;0.0368;9.96e-05;0.384;0.685;170.411;rock
491;0.855;0.691;2;-6.51;1;0.0514;0.144;0.0;0.36;0.647;121.472;rock
492;0.349;0.692;1;-11.691;1;0.0338;0.462;0.00266;0.197;0.952;179.396;rock
493;0.459;0.727;0;-11.777;1;0.0303;0.00614;0.0652;0.384;0.955;149.231;rock
494;0.645;0.598;1;-13.18;0;0.0335;0.221;3.53e-06;0.0721;0.913;105.929;rock
495;0.477;0.471;6;-10.036;1;0.0277;0.193;1.76e-06;0.131;0.423;81.204;rock
496;0.572;0.835;0;-6.219;1;0.0317;0.171;0.000376;0.0702;0.796;129.994;rock
497;0.554;0.639;9;-7.163;0;0.0278;0.359;0.00274;0.205;0.644;180.638;rock
498;0.7;0.726;2;-7.717;1;0.0329;0.434;1.1e-06;0.0963;0.641;130.109;rock
499;0.276;0.639;2;-11.674;1;0.0471;0.0178;0.0;0.292;0.643;186.502;rock
500;0.711;0.635;4;-13.168;0;0.0537;0.66;0.96;0.194;0.646;124.034;electronic
501;0.717;0.46;11;-11.326;0;0.0372;0.0287;0.785;0.0661;0.0961;110.993;electronic
502;0.776;0.684;5;-8.934;1;0.0367;0.405;0.559;0.0663;0.655;127.979;electronic
503;0.77;0.5;3;-10.275;0;0.0345;0.676;0.00738;0.107;0.256;102.708;electronic
504;0.717;0.571;10;-8.473;1;0.0298;0.537;0.386;0.101;0.549;119.989;electronic
505;0.713;0.725;6;-9.951;1;0.0385;0.539;0.886;0.111;0.24;122.041;electronic
506;0.265;0.588;9;-9.036;1;0.05;0.0762;0.0113;0.128;0.171;112.396;electronic
507;0.743;0.798;9;-8.263;1;0.0557;0.00346;0.00131;0.259;0.928;128.968;electronic
508;0.542;0.16;7;-21.672;0;0.0365;0.946;0.928;0.263;0.198;126.921;electronic
509;0.632;0.714;6;-13.228;0;0.0411;0.0456;0.651;0.132;0.0641;99.988;electronic
510;0.656;0.508;5;-12.805;0;0.0372;0.605;0.902;0.0787;0.103;113.002;electronic
511;0.631;0.521;4;-10.312;0;0.063;0.0201;0.923;0.103;0.118;84.033;electronic
512;0.892;0.388;9;-10.843;0;0.0543;0.386;0.795;0.101;0.356;128.071;electronic
513;0.327;0.425;7;-11.577;0;0.027;0.878;0.000873;0.18;0.165;93.946;electronic
514;0.689;0.874;9;-5.275;0;0.0464;0.0816;0.129;0.272;0.961;121.019;electronic
515;0.896;0.471;1;-10.391;1;0.0766;0.00477;0.874;0.0824;0.282;114.936;electronic
516;0.553;0.659;9;-9.281;1;0.0613;0.502;0.859;0.184;0.46;183.815;electronic
517;0.774;0.794;5;-4.446;0;0.0358;0.00824;0.00317;0.08;0.724;120.002;electronic
518;0.615;0.419;11;-8.8;0;0.0395;0.0173;0.497;0.135;0.216;76.997;electronic
519;0.575;0.558;7;-13.325;1;0.0375;0.176;0.884;0.128;0.29;119.989;electronic
520;0.576;0.953;10;-8.968;1;0.0362;0.00106;0.49;0.474;0.303;140.042;electronic
521;0.774;0.244;9;-9.748;0;0.0299;0.72;0.915;0.379;0.421;103.464;electronic
522;0.712;0.601;5;-8.968;1;0.062;1.09e-05;0.802;0.0982;0.513;124.912;electronic
523;0.805;0.442;8;-8.357;1;0.0549;0.0684;0.0126;0.14;0.371;111.991;electronic
524;0.561;0.33;5;-13.51;1;0.0268;0.76;0.134;0.106;0.378;79.01;electronic
525;0.434;0.305;7;-18.173;1;0.0364;0.892;0.942;0.111;0.0594;139.878;electronic
526;0.482;0.457;1;-13.99;0;0.0449;0.406;0.618;0.297;0.202;87.166;electronic
527;0.808;0.837;9;-6.583;0;0.046;0.238;0.86;0.0624;0.653;92.002;electronic
528;0.574;0.539;0;-12.273;1;0.177;0.336;0.00515;0.196;0.507;119.94;electronic
529;0.76;0.641;0;-9.54;0;0.0374;0.0772;0.897;0.139;0.876;100.978;electronic
530;0.44;0.488;0;-11.969;1;0.0391;0.344;0.592;0.123;0.152;115.08;electronic
531;0.733;0.561;0;-10.687;0;0.0464;0.575;0.872;0.131;0.568;94.999;electronic
532;0.836;0.399;1;-14.917;1;0.0636;0.0613;0.674;0.243;0.437;91.917;electronic
533;0.48;0.676;4;-7.727;0;0.0631;0.00996;0.642;0.116;0.199;144.514;electronic
534;0.466;0.51;1;-14.373;1;0.0715;0.92;0.719;0.105;0.187;117.316;electronic
535;0.717;0.621;11;-11.855;1;0.0536;0.675;0.926;0.111;0.224;118.977;electronic
536;0.758;0.746;7;-11.39;1;0.0639;0.0997;0.0613;0.151;0.212;142.994;electronic
537;0.885;0.485;10;-9.299;1;0.0872;0.0868;0.79;0.0883;0.67;106.394;electronic
538;0.486;0.689;4;-7.735;1;0.028;0.0131;0.579;0.0759;0.573;100.003;electronic
539;0.761;0.775;3;-7.495;0;0.0339;0.00698;0.000543;0.0512;0.966;123.017;electronic
540;0.271;0.486;0;-11.956;0;0.0407;0.351;0.156;0.0894;0.31;179.826;electronic
541;0.614;0.447;10;-12.579;0;0.0475;0.0743;0.826;0.117;0.377;165.051;electronic
542;0.741;0.853;4;-10.141;0;0.0406;0.00706;0.831;0.0757;0.124;123.998;electronic
543;0.699;0.909;5;-6.72;0;0.236;0.13;0.000195;0.34;0.691;171.877;electronic
544;0.425;0.534;11;-9.066;0;0.0333;0.18;0.0062;0.0562;0.187;83.718;electronic
545;0.535;0.761;11;-7.589;0;0.0373;0.0165;0.114;0.0485;0.248;149.968;electronic
546;0.574;0.88;2;-7.045;0;0.035;0.0208;0.0287;0.193;0.857;96.008;electronic
547;0.883;0.812;9;-6.367;0;0.0945;0.0236;0.719;0.291;0.667;103.477;electronic
548;0.577;0.729;11;-14.376;0;0.0319;0.0953;0.928;0.184;0.177;126.988;electronic
549;0.804;0.406;7;-11.154;0;0.0472;0.023;0.837;0.106;0.124;120.012;electronic
